created_at,updated_at
2021-06-28 02:05:22,2021-12-21 00:02:08
2021-06-02 12:08:59,2022-02-15 10:30:37
2021-05-08 07:49:08,2021-05-20 21:43:22
2021-08-11 11:04:32,2021-04-11 05:37:30
2021-11-20 05:17:19,2022-01-15 09:08:40
2021-06-13 19:32:12,2021-06-18 03:19:17
2021-12-05 14:12:15,2021-03-28 17:56:01
2021-04-01 18:09:42,2021-08-28 06:21:17
2021-04-25 10:39:49,2022-02-06 13:23:07
2021-12-09 21:41:15,2021-07-01 07:15:24
2021-03-07 17:36:06,2021-11-25 13:55:19
2021-04-01 21:58:14,2021-07-28 15:51:45
2021-08-08 03:00:51,2022-01-22 13:17:09
2022-02-06 13:35:44,2021-07-26 17:19:32
2021-03-27 00:53:39,2021-07-16 16:08:41
2021-04-10 23:13:16,2022-02-16 03:56:34
2021-04-14 23:35:06,2022-01-23 04:48:48
2021-10-16 22:56:33,2021-08-18 22:10:35
2021-05-21 15:38:03,2021-03-31 19:26:43
2021-03-13 06:27:55,2021-05-29 11:51:15
2021-11-09 07:41:07,2021-06-17 07:42:22
2022-02-20 21:35:32,2022-01-17 13:47:12
2021-03-06 13:15:13,2021-10-03 13:42:31
2021-10-07 22:45:11,2021-10-17 05:41:54
2021-11-14 19:58:03,2021-05-09 08:37:43
2021-03-15 09:25:27,2021-04-19 23:32:23
2021-05-19 22:29:14,2021-06-15 15:52:12
2021-07-08 20:05:12,2021-05-09 04:37:35
2021-08-23 09:46:35,2021-07-18 14:06:00
2021-04-16 19:56:08,2022-02-07 09:01:59
2021-04-11 08:02:59,2021-06-10 20:59:57
2021-09-25 19:54:02,2021-09-19 14:36:03
2021-11-15 14:25:22,2021-12-04 18:06:01
2021-12-12 09:39:14,2021-09-03 04:59:01
2022-01-07 05:15:00,2022-02-10 07:06:11
2021-10-13 01:03:51,2021-05-12 10:25:24
2021-04-22 22:08:11,2021-11-20 02:23:54
2022-01-14 19:54:12,2021-07-06 06:11:37
2022-03-03 08:29:28,2021-08-29 07:24:53
2021-11-08 19:30:31,2021-09-27 23:24:20
2021-08-14 04:32:57,2021-10-03 16:07:49
2021-11-23 10:57:51,2021-12-22 23:47:47
2021-03-20 10:40:16,2021-06-19 12:56:20
2022-01-20 17:42:53,2021-07-23 10:53:20
2022-01-30 13:50:12,2022-02-21 03:09:43
2021-10-19 15:50:36,2021-03-27 03:10:51
2021-05-25 17:53:32,2021-12-12 23:33:15
2021-11-15 18:30:46,2021-05-31 06:26:33
2021-06-22 08:14:02,2021-12-07 03:44:22
2021-05-15 14:06:20,2021-06-19 12:22:09
2021-10-30 18:50:16,2021-03-18 13:27:57
2021-05-11 23:23:11,2021-05-14 05:56:38
2022-02-27 13:08:16,2021-11-17 13:01:12
2021-03-13 00:34:14,2021-07-11 16:49:20
2021-11-20 15:36:37,2022-01-08 12:00:34
